Source_Subfolder,File_Name,Cargo_Audit,Rust_Clippy,Final_Label
SPL_Contracts,spl_0_canopy.rs,Safe,Safe,Safe
SPL_Contracts,spl_100_process_set_governance_delegate.rs,Safe,Safe,Safe
SPL_Contracts,spl_101_process_set_realm_authority.rs,Vulnerable,Safe,Vulnerable
SPL_Contracts,spl_102_process_set_realm_config.rs,Safe,Safe,Safe
SPL_Contracts,spl_103_process_set_realm_config_item.rs,Safe,Safe,Safe
SPL_Contracts,spl_104_process_set_token_owner_record_lock.rs,Safe,Safe,Safe
SPL_Contracts,spl_105_process_sign_off_proposal.rs,Safe,Safe,Safe
SPL_Contracts,spl_106_process_update_program_metadata.rs,Safe,Safe,Safe
SPL_Contracts,spl_107_process_withdraw_governing_tokens.rs,Safe,Safe,Safe
SPL_Contracts,spl_108_enums.rs,Safe,Safe,Safe
