Project_Name,Slither,Mythril,Oyente,Final_Label
Callisto_Network-Fantom Token (FTM) Security Audit Report,Safe,Safe,Safe,Safe
Chainsecurity-Primitive Finance  Core engine smart contracts,Vulnerable,Vulnerable,Safe,Vulnerable
Coinfabrik-Smart Contract Audit REAL Estate Crypto Token,Safe,Safe,Safe,Safe
DAppSCAN_Ackee_Blockchain-GoodGhosting,Vulnerable,Safe,Safe,Vulnerable
DAppSCAN_Ackee_Blockchain-Layer_Zero,Vulnerable,Safe,Safe,Vulnerable
DAppSCAN_Ackee_Blockchain-Zunami_protocol,Vulnerable,Safe,Safe,Vulnerable
DAppSCAN_BlockSec-blocksec_aloe_1.1_signed,Vulnerable,Safe,Safe,Vulnerable
DAppSCAN_PeckShield-Rikkei,Folder,Safe,Safe,Safe,Safe
DAppSCAN_PeckShield-ShibaNova,Folder,Vulnerable,Vulnerable,Safe,Vulnerable
DAppSCAN_PeckShield-Spherium,Folder,Safe,Safe,Safe,Safe
DAppSCAN_PeckShield-StackerVC,Folder,Safe,Safe,Safe,Safe
DAppSCAN_PeckShield-SushiSwap,Folder,Vulnerable,Safe,Safe,Vulnerable
DAppSCAN_PeckShield-TranchessV1.1,Folder,Safe,Safe,Safe,Safe
DAppSCAN_PeckShield-TranchessV2,Folder,Safe,Safe,Safe,Safe
DAppSCAN_PeckShield-Tranchessv1.0,Folder,Safe,Safe,Safe,Safe
DAppSCAN_PeckShield-VeChain,Folder,Vulnerable,Safe,Safe,Vulnerable
DAppSCAN_PeckShield-Venus,Folder,Vulnerable,Safe,Safe,Vulnerable
DAppSCAN_PeckShield-XSwap,Folder,Safe,Safe,Safe,Safe
DAppSCAN_PepperSec-Aira-Robonomic,Folder,Safe,Safe,Safe,Safe
DAppSCAN_PepperSec-KICKTOKEN,Folder,Safe,Safe,Safe,Safe
DAppSCAN_PepperSec-POA-DPOS,Folder,Safe,Safe,Safe,Safe
DAppSCAN_PepperSec-POA-Network-Bridge,Folder,Safe,Safe,Safe,Safe
DAppSCAN_QuillAudits-LTO Network-Token Sale,Folder,Safe,Safe,Safe,Safe
DAppSCAN_QuillAudits-Locklet Smart Contract,Folder,Safe,Safe,Safe,Safe
DAppSCAN_QuillAudits-MGPToken Smart Contract,Folder,Safe,Safe,Safe,Safe
DAppSCAN_QuillAudits-Magic Cube Smart Contract,Folder,Safe,Safe,Safe,Safe
DAppSCAN_QuillAudits-MatrixETF Smart Contract,Folder,Safe,Safe,Safe,Safe
DAppSCAN_QuillAudits-MetaGameStarter Smart Contract,Folder,Vulnerable,Safe,Safe,Vulnerable
DAppSCAN_QuillAudits-MetaWaferse Smart Contract,Folder,Vulnerable,Vulnerable,Safe,Vulnerable
DAppSCAN_QuillAudits-MiniDOGE Smart Contract,Folder,Vulnerable,Vulnerable,Safe,Vulnerable
DAppSCAN_QuillAudits-Moonship Smart Contract,Folder,Safe,Safe,Safe,Safe
DAppSCAN_QuillAudits-MrWeb Finance Smart Contract,Folder,Safe,Safe,Safe,Safe
DAppSCAN_QuillAudits-Nexity Network Smart Contract,Folder,Safe,Safe,Safe,Safe
DAppSCAN_QuillAudits-NomadLand Smart Contract,Folder,Safe,Safe,Safe,Safe
DAppSCAN_QuillAudits-Pickle Finance-All Strategies,Folder,Safe,Safe,Safe,Safe
DAppSCAN_QuillAudits-Pickle Finance-Strategy-Curve-scrv-v4_1,Folder,Safe,Safe,Safe,Safe
DAppSCAN_QuillAudits-PieDAO-ExperiPie,Folder,Safe,Safe,Safe,Safe
DAppSCAN_QuillAudits-RICE - v1.2,Folder,Safe,Safe,Safe,Safe
DAppSCAN_QuillAudits-Reality Cards-Reality Cards,Folder,Safe,Safe,Safe,Safe
DAppSCAN_QuillAudits-SpiritSwap-SpiritSwap,Folder,Safe,Safe,Safe,Safe
DAppSCAN_QuillAudits-SushiSwap-BentoBox,Folder,Safe,Safe,Safe,Safe
DAppSCAN_QuillAudits-VIDB - v1.0,Folder,Safe,Safe,Safe,Safe
DAppSCAN_QuillAudits-Yearn Finance-Generic Lender,Folder,Safe,Safe,Safe,Safe
DAppSCAN_QuillAudits-Yearn Finance-Maker Dai Delegate,Folder,Safe,Safe,Safe,Safe
DAppSCAN_QuillAudits-Yearn Finance-SNX,Folder,Safe,Safe,Safe,Safe
DAppSCAN_QuillAudits-Yearn Finance-Stablecoins 3pool,Folder,Safe,Safe,Safe,Safe
DAppSCAN_QuillAudits-Yearn Finance-Vault V2 (Solidity part),Folder,Safe,Safe,Safe,Safe
DAppSCAN_QuillAudits-Yearn Finance-Yearn Protocol V1,Folder,Safe,Safe,Safe,Safe
DAppSCAN_QuillAudits-Yearn Finance-Yearn Strategy SSB,Folder,Safe,Safe,Safe,Safe
DAppSCAN_QuillAudits-Yearn Finance-Yearn Vaults V3,Folder,Safe,Safe,Safe,Safe
DAppSCAN_QuillAudits-Yearn Finance-Yoracle.Link,Folder,Safe,Safe,Safe,Safe
DAppSCAN_QuillAudits-Yearn Finance-ySwaps,Folder,Vulnerable,Safe,Safe,Vulnerable
DAppSCAN_QuillAudits-ZortCoin Smart Contract,Folder,Safe,Safe,Safe,Safe
DAppSCAN_Smartdec-Opium Smart Contracts Security Analysis,Folder,Safe,Safe,Safe,Safe
DAppSCAN_Smartdec-TokenBridge (by POA Network) Smart Contrac,Folder,Safe,Safe,Safe,Safe
DAppSCAN_Smartdec-РumaPay Smart Contracts Security Analysis,Folder,Safe,Safe,Safe,Safe
DAppSCAN_Solidified-Aztec Element Bridge,Folder,Vulnerable,Safe,Safe,Vulnerable
DAppSCAN_Solidified-Aztec Lido Bridge,Folder,Vulnerable,Safe,Safe,Vulnerable
DAppSCAN_Solidified-CultosCoin (2),Folder,Safe,Safe,Safe,Safe
DAppSCAN_Solidity_Finance-OKLG - Smart Contract,Folder,Vulnerable,Vulnerable,Safe,Vulnerable
DAppSCAN_Solidity_Finance-RevomonVR Smart Contract,Folder,Vulnerable,Vulnerable,Safe,Vulnerable
DAppSCAN_Trail_of_Bits-88mph,Folder,Vulnerable,Safe,Safe,Vulnerable
DAppSCAN_Trail_of_Bits-API3,Folder,Vulnerable,Vulnerable,Safe,Vulnerable
DAppSCAN_Trail_of_Bits-BalancerCore,Folder,Safe,Safe,Safe,Safe
DAppSCAN_Trail_of_Bits-CompliFi,Folder,Safe,Safe,Safe,Safe
DAppSCAN_Trail_of_Bits-FraxFinance,Folder,Vulnerable,Safe,Safe,Vulnerable
DAppSCAN_Trail_of_Bits-FraxQ42021,Folder,Vulnerable,Safe,Safe,Vulnerable
DAppSCAN_Trail_of_Bits-FujiProtocol,Folder,Vulnerable,Vulnerable,Safe,Vulnerable
DAppSCAN_Trail_of_Bits-Liquity,Folder,Vulnerable,Vulnerable,Safe,Vulnerable
DAppSCAN_consensys-Modular_Interactive_Crowdsale,Folder,Safe,Safe,Safe,Safe
DAppSCAN_consensys-OmiseGo_MoreVP,Folder,Safe,Safe,Safe,Safe
DAppSCAN_consensys-Paxos,Folder,Safe,Safe,Safe,Safe
DAppSCAN_consensys-PoolTogether_LootBox_and_MultipleWinners_,Folder,Safe,Safe,Safe,Safe
DAppSCAN_consensys-PoolTogether_Sushi_and_Yearn_V2_Yield_Sou,Folder,Safe,Safe,Safe,Safe
DAppSCAN_consensys-Rocketpool,Folder,Safe,Safe,Safe,Safe
DAppSCAN_consensys-Skale_Network,Folder,Safe,Safe,Safe,Safe
DAppSCAN_consensys-Skale_Token,Folder,Safe,Safe,Safe,Safe
DAppSCAN_consensys-Skyweaver,Folder,Safe,Safe,Safe,Safe
DAppSCAN_consensys-Slockit_Incubed3,Folder,Safe,Safe,Safe,Safe
DAppSCAN_consensys-The_LAO,Folder,Safe,Safe,Safe,Safe
DAppSCAN_consensys-Thesis_tBTC_and_Keep,Folder,Safe,Safe,Safe,Safe
DAppSCAN_consensys-Umbra_Smart_Contracts,Folder,Safe,Safe,Safe,Safe
DAppSCAN_consensys-Zer0_zAuction,Folder,Vulnerable,Vulnerable,Safe,Vulnerable
DAppSCAN_consensys-Zer0_zBanc,Folder,Safe,Safe,Safe,Safe
DAppSCAN_consensys-Zer0_zNS,Folder,Safe,Safe,Safe,Safe
DAppSCAN_consensys-iExec_PoCo,Folder,Safe,Safe,Safe,Safe
DAppSCAN_consensys-rICO,Folder,Safe,Safe,Safe,Safe
DAppSCAN_openzeppelin-Kin_Token,Folder,Safe,Safe,Safe,Safe
DAppSCAN_openzeppelin-Moeda_Token,Folder,Safe,Safe,Safe,Safe
DAppSCAN_openzeppelin-Notional,Folder,Safe,Safe,Safe,Safe
DAppSCAN_openzeppelin-Notional_Governance_Contracts_v2,Folder,Safe,Safe,Safe,Safe
DAppSCAN_openzeppelin-OpenBazaar’s_Escrow,Folder,Safe,Safe,Safe,Safe
DAppSCAN_openzeppelin-Optimism,Folder,Vulnerable,Safe,Safe,Vulnerable
DAppSCAN_openzeppelin-Opyn_Contracts,Folder,Safe,Safe,Safe,Safe
DAppSCAN_openzeppelin-Opyn_Gamma_Protocol,Folder,Safe,Safe,Safe,Safe
DAppSCAN_openzeppelin-Origin_Dollar,Folder,Vulnerable,Vulnerable,Safe,Vulnerable
DAppSCAN_openzeppelin-PROPS_Rewards_Engine_Contracts,Folder,Safe,Safe,Safe,Safe
DAppSCAN_openzeppelin-Polymath,Folder,Safe,Safe,Safe,Safe
DAppSCAN_openzeppelin-PoolTogether,Folder,Safe,Safe,Safe,Safe
DAppSCAN_openzeppelin-Recoverable_Wallet,Folder,Safe,Safe,Safe,Safe
DAppSCAN_openzeppelin-Ribbon_Finance,Folder,Vulnerable,Vulnerable,Safe,Vulnerable
DAppSCAN_openzeppelin-Saddle_Contracts,Folder,Safe,Safe,Safe,Safe
DAppSCAN_openzeppelin-Solo_Margin_Protocol,Folder,Safe,Safe,Safe,Safe
DAppSCAN_openzeppelin-SuperDAO_Promissory_Token,Folder,Safe,Safe,Safe,Safe
DAppSCAN_openzeppelin-Tally_SafeGuard_Audit,Folder,Vulnerable,Safe,Safe,Vulnerable
DAppSCAN_openzeppelin-UMA,Folder,Safe,Safe,Safe,Safe
DAppSCAN_openzeppelin-UMA_Across_V2,Folder,Vulnerable,Vulnerable,Safe,Vulnerable
DAppSCAN_openzeppelin-WeTrust_ROSCA_contract_code,Folder,Safe,Safe,Safe,Safe
DAppSCAN_openzeppelin-iExec_RLC_Token,Folder,Safe,Safe,Safe,Safe
Etherscan_0x1b37f87c6951f0889219176a2058f274ab9a5576_AI.sol,Single File,Safe,Safe,Safe,Safe
Etherscan_0x2fff7cb67c0d61e324a7d5bf79b70538ead8a262_AB.sol,Single File,Vulnerable,Safe,Safe,Vulnerable
Etherscan_0x58e3f00e641ca5a3fc281748c11de3d1a79d35ce_X.sol,Single File,Vulnerable,Safe,Safe,Vulnerable
Etherscan_0x753d5a77197ddd6ae576e1e66357bc9182318e41_AI.sol,Single File,Vulnerable,Safe,Safe,Vulnerable
Etherscan_0x7b3c612d54a3a52cc0e33b9463e1803c5d40d906_WOO.sol,Single File,Vulnerable,Safe,Safe,Vulnerable
Etherscan_0x88486cc0eb5900643e60a9a5e63ebad997aba495_EWY.sol,Single File,Vulnerable,Safe,Safe,Vulnerable
Etherscan_0x972d8421f83b34c5dbfcd05c1de4c84cc0e8c984_XPT.sol,Single File,Vulnerable,Safe,Safe,Vulnerable
Etherscan_0x98aacf3cb8639092877bdff987bd1bb8449ed94b_ERA.sol,Single File,Vulnerable,Vulnerable,Safe,Vulnerable
Etherscan_0xa5baaee1d4a34881a4dfd22ebfc561d7d0325a71_ZGC.sol,Single File,Vulnerable,Safe,Safe,Vulnerable
Etherscan_0xb008eb2c403676bd2ef712ba9a97743aea0e33ea_png.sol,Single File,Vulnerable,Safe,Safe,Vulnerable
Etherscan_0xb7d4a0ad0cb96eb1c0dbc9d4e3ff45e8cc9d0dda_eth.sol,Single File,Safe,Safe,Safe,Safe
Etherscan_0xbb4835f9ca4f07541016ca9bf92861e912d12320_DJR.sol,Single File,Safe,Safe,Safe,Safe
Etherscan_0xbd737d58f00a9a639d4c883d4a9092adf88fa946_W3K.sol,Single File,Vulnerable,Vulnerable,Safe,Vulnerable
Etherscan_1_Storage.sol,Single File,Vulnerable,Vulnerable,Safe,Vulnerable
Etherscan_4_Drain.sol,Single File,Vulnerable,Safe,Safe,Vulnerable
Etherscan_AICoinClaw.sol,Single File,Safe,Safe,Safe,Safe
Etherscan_AaveOracle,Folder,Vulnerable,Safe,Safe,Vulnerable
Etherscan_Absen.sol,Single File,Safe,Safe,Safe,Safe
Etherscan_Artemis.sol,Single File,Vulnerable,Safe,Safe,Vulnerable
Etherscan_Association.sol,Single File,Safe,Safe,Safe,Safe
Etherscan_AstraCinder,Folder,Vulnerable,Safe,Safe,Vulnerable
Etherscan_AstraCrux,Folder,Vulnerable,Safe,Safe,Vulnerable
Etherscan_AstraDrift,Folder,Vulnerable,Safe,Safe,Vulnerable
Etherscan_B3DSV,Folder,Vulnerable,Vulnerable,Safe,Vulnerable
Etherscan_BDS1,Folder,Vulnerable,Vulnerable,Safe,Vulnerable
Etherscan_BIGLY.sol,Single File,Vulnerable,Safe,Safe,Vulnerable
Etherscan_BalancerArbitrageSwapperV5,Folder,Vulnerable,Safe,Safe,Vulnerable
Etherscan_BatchPull.sol,Single File,Vulnerable,Safe,Safe,Vulnerable
Etherscan_BeaconProxy,Folder,Vulnerable,Safe,Safe,Vulnerable
Etherscan_BeefyPositionMulticall.sol,Single File,Safe,Safe,Safe,Safe
Etherscan_Bittensor.sol,Single File,Vulnerable,Safe,Safe,Vulnerable
Etherscan_BlockRockYieldVault,Folder,Vulnerable,Safe,Safe,Vulnerable
Etherscan_BloferoV2.sol,Single File,Safe,Safe,Safe,Safe
Etherscan_BreimRawTokenDistributor.sol,Single File,Vulnerable,Safe,Safe,Vulnerable
Etherscan_CADIZ,Folder,Vulnerable,Vulnerable,Safe,Vulnerable
Etherscan_CASPERAI.sol,Single File,Vulnerable,Safe,Safe,Vulnerable
Etherscan_CM,Folder,Vulnerable,Vulnerable,Safe,Vulnerable
Etherscan_Coin.sol,Single File,Safe,Safe,Safe,Safe
Etherscan_Contract.sol,Single File,Safe,Safe,Safe,Safe
Etherscan_ConvexStratedgy_CRVUSD_USDT,Folder,Vulnerable,Safe,Safe,Vulnerable
Etherscan_CurveAdapter,Folder,Vulnerable,Safe,Safe,Vulnerable
Etherscan_CurvePoolOracle.sol,Single File,Vulnerable,Safe,Safe,Vulnerable
Etherscan_CustomStrategyHelper,Folder,Vulnerable,Safe,Safe,Vulnerable
Etherscan_DSAI.sol,Single File,Vulnerable,Safe,Safe,Vulnerable
Etherscan_DSFRewardForwarder,Folder,Vulnerable,Safe,Safe,Vulnerable
Etherscan_DestroyIsBuildingToken.sol,Single File,Vulnerable,Safe,Safe,Vulnerable
Etherscan_Diem.sol,Single File,Vulnerable,Safe,Safe,Vulnerable
Etherscan_DinastyCoinToken.sol,Single File,Safe,Safe,Safe,Safe
Etherscan_ECHO,Folder,Vulnerable,Vulnerable,Safe,Vulnerable
Etherscan_EEPDispute,Folder,Vulnerable,Safe,Safe,Vulnerable
Etherscan_ELEVATOR,Folder,Vulnerable,Vulnerable,Safe,Vulnerable
Etherscan_EasterEggs.sol,Single File,Safe,Safe,Safe,Safe
Etherscan_EnniOracle.sol,Single File,Vulnerable,Safe,Safe,Vulnerable
Etherscan_EtherBishop,Folder,Vulnerable,Safe,Safe,Vulnerable
Etherscan_EtherMonolith,Folder,Vulnerable,Safe,Safe,Vulnerable
Etherscan_EtherPhunksAuctionHouseV2,Folder,Vulnerable,Safe,Safe,Vulnerable
Etherscan_FLAGGED,Folder,Vulnerable,Vulnerable,Safe,Vulnerable
Etherscan_FORESKIN.sol,Single File,Vulnerable,Safe,Safe,Vulnerable
Etherscan_FiatTokenProxy,Folder,Safe,Safe,Safe,Safe
Etherscan_FlashArbitrage.sol,Single File,Vulnerable,Safe,Safe,Vulnerable
Etherscan_FlashLiquidator,Folder,Vulnerable,Safe,Safe,Vulnerable
Etherscan_FlashLoanArbitrage,Folder,Vulnerable,Safe,Safe,Vulnerable
Etherscan_FlashLoanExecutor.sol,Single File,Vulnerable,Safe,Safe,Vulnerable
Etherscan_FlashUSDT.sol,Single File,Vulnerable,Safe,Safe,Vulnerable
Etherscan_FlashUSDTLiquidityBot,Folder,Vulnerable,Safe,Safe,Vulnerable
Etherscan_FlashUSDTLiquidityBot.sol,Single File,Safe,Safe,Safe,Safe
Etherscan_Forwarder.sol,Single File,Safe,Safe,Safe,Safe
Etherscan_GOOGOL.sol,Single File,Vulnerable,Safe,Safe,Vulnerable
Etherscan_GavCoin.sol,Single File,Safe,Safe,Safe,Safe
Etherscan_GuardPledge,Folder,Vulnerable,Safe,Safe,Vulnerable
Etherscan_GuardedAssetVault.sol,Single File,Vulnerable,Vulnerable,Safe,Vulnerable
Etherscan_HKDD,Folder,Vulnerable,Safe,Safe,Vulnerable
Etherscan_HakCipta.sol,Single File,Safe,Safe,Safe,Safe
Etherscan_HaloBurst,Folder,Vulnerable,Safe,Safe,Vulnerable
Etherscan_HyperEngine,Folder,Vulnerable,Safe,Safe,Vulnerable
Etherscan_INK.sol,Single File,Vulnerable,Safe,Safe,Vulnerable
Etherscan_IROHA.sol,Single File,Safe,Safe,Safe,Safe
Etherscan_Pinguin.sol,Single File,Vulnerable,Vulnerable,Safe,Vulnerable
Etherscan_PolishPepe,Folder,Vulnerable,Safe,Safe,Vulnerable
Etherscan_Polyloop.sol,Single File,Safe,Safe,Safe,Safe
Etherscan_Primenumbers.sol,Single File,Safe,Safe,Safe,Safe
Etherscan_Proofs,Folder,Vulnerable,Safe,Safe,Vulnerable
Etherscan_QUACKY.sol,Single File,Vulnerable,Safe,Safe,Vulnerable
Etherscan_REBIRTH,Folder,Vulnerable,Vulnerable,Safe,Vulnerable
Etherscan_ROSES,Folder,Vulnerable,Vulnerable,Safe,Vulnerable
Etherscan_RUNNER.sol,Single File,Safe,Vulnerable,Safe,Vulnerable
Etherscan_RateLimits,Folder,Vulnerable,Safe,Safe,Vulnerable
Etherscan_Router,Folder,Vulnerable,Safe,Safe,Vulnerable
Etherscan_SFAF,Folder,Vulnerable,Vulnerable,Safe,Vulnerable
Etherscan_SaklarPrivat.sol,Single File,Safe,Safe,Safe,Safe
Etherscan_SciFi.sol,Single File,Safe,Safe,Safe,Safe
Etherscan_ShapeShiftFallback.sol,Single File,Safe,Safe,Safe,Safe
Etherscan_ShapeShiftReceiver.sol,Single File,Safe,Safe,Safe,Safe
Etherscan_ShapeShiftSplit.sol,Single File,Safe,Safe,Safe,Safe
Etherscan_ShippingEscrow.sol,Single File,Safe,Safe,Safe,Safe
Etherscan_SimpleStorage.sol,Single File,Vulnerable,Safe,Safe,Vulnerable
Etherscan_SolarFlux,Folder,Vulnerable,Safe,Safe,Vulnerable
Etherscan_StablePool,Folder,Vulnerable,Safe,Safe,Vulnerable
Etherscan_StarHaven,Folder,Vulnerable,Safe,Safe,Vulnerable
Etherscan_SthUSDRewards,Folder,Vulnerable,Safe,Safe,Vulnerable
Etherscan_Stonks.sol,Single File,Vulnerable,Safe,Safe,Vulnerable
Etherscan_StrategyMorphoV2Vault,Folder,Vulnerable,Safe,Safe,Vulnerable
Etherscan_SuperPesitoMX,Folder,Vulnerable,Safe,Safe,Vulnerable
Etherscan_SuperbotV1.sol,Single File,Vulnerable,Vulnerable,Safe,Vulnerable
Etherscan_SwagGoldIco.sol,Single File,Safe,Safe,Safe,Safe
Etherscan_SwapHandler,Folder,Vulnerable,Safe,Safe,Vulnerable
Etherscan_TRUTH353,Folder,Vulnerable,Vulnerable,Safe,Vulnerable
Etherscan_Tentum.sol,Single File,Vulnerable,Safe,Safe,Vulnerable
Etherscan_TetherToken.sol,Single File,Vulnerable,Vulnerable,Safe,Vulnerable
Etherscan_Theta.sol,Single File,Vulnerable,Safe,Safe,Vulnerable
Etherscan_Time.sol,Single File,Safe,Safe,Safe,Safe
Etherscan_TimeLockCondition,Folder,Safe,Safe,Safe,Safe
Etherscan_TokenUnlock,Folder,Vulnerable,Vulnerable,Safe,Vulnerable
Etherscan_TransparentUpgradeableProxy,Folder,Vulnerable,Safe,Safe,Vulnerable
Etherscan_USDTSpender.sol,Single File,Vulnerable,Vulnerable,Safe,Vulnerable
Etherscan_VersiApp.sol,Single File,Safe,Safe,Safe,Safe
Etherscan_VoidHymn,Folder,Vulnerable,Safe,Safe,Vulnerable
Etherscan_VoidNova,Folder,Vulnerable,Safe,Safe,Vulnerable
Etherscan_Wallet.sol,Single File,Safe,Safe,Safe,Safe
Etherscan_ZenSphere,Folder,Vulnerable,Safe,Safe,Vulnerable
Etherscan_absolute.sol,Single File,Vulnerable,Safe,Safe,Vulnerable
Etherscan_aslan.sol,Single File,Vulnerable,Safe,Safe,Vulnerable
Etherscan_assist.sol,Single File,Vulnerable,Vulnerable,Safe,Vulnerable
Etherscan_bugbounty.sol,Single File,Safe,Safe,Safe,Safe
Etherscan_c.sol,Single File,Safe,Safe,Safe,Safe
Etherscan_cairo.sol,Single File,Vulnerable,Safe,Safe,Vulnerable
Etherscan_dandQ.sol,Single File,Vulnerable,Safe,Safe,Vulnerable
Etherscan_dude44.sol,Single File,Safe,Safe,Safe,Safe
Etherscan_eth.sol,Single File,Vulnerable,Vulnerable,Safe,Vulnerable
Etherscan_green.sol,Single File,Vulnerable,Safe,Safe,Vulnerable
Etherscan_greeter.sol,Single File,Safe,Safe,Safe,Safe
Etherscan_kalshiPresale.sol,Single File,Safe,Safe,Safe,Safe
Etherscan_koda.sol,Single File,Vulnerable,Safe,Safe,Vulnerable
Etherscan_mergeBuyWrapper.sol,Single File,Vulnerable,Safe,Safe,Vulnerable
Etherscan_novaBase.sol,Single File,Safe,Safe,Safe,Safe
Etherscan_payoutDistributor-1.sol,Single File,Vulnerable,Safe,Safe,Vulnerable
Etherscan_payoutDistributor.sol,Single File,Vulnerable,Safe,Safe,Vulnerable
Etherscan_peshi.sol,Single File,Vulnerable,Safe,Safe,Vulnerable
Etherscan_rug-john.sol,Single File,Safe,Safe,Safe,Safe
Etherscan_synd.sol,Single File,Vulnerable,Safe,Safe,Vulnerable
Etherscan_token.sol,Single File,Vulnerable,Safe,Safe,Vulnerable
Etherscan_totakeke.sol,Single File,Vulnerable,Safe,Safe,Vulnerable
Etherscan_usdt1.sol,Single File,Vulnerable,Safe,Safe,Vulnerable
Etherscan_war.sol,Single File,Vulnerable,Safe,Safe,Vulnerable
Inspex-SpookySwap Integration & Fantom Expansion,Folder,Vulnerable,Safe,Safe,Vulnerable
Iosiro-Synthetix Menkalinan Release Smart Contract Audit,Folder,Safe,Safe,Safe,Safe
Iosiro-Timvi Governance Token and Distribution DAO Smart Con,Folder,Safe,Safe,Safe,Safe
SmartBugs_0x00d55d3ed178aa58d47fa23e29e8ab732452eddf.sol,Single File,Safe,Safe,Safe,Safe
SmartBugs_0x026e62dded1a6ad07d93d39f96b9eabd59665e0d.sol,Single File,Safe,Safe,Safe,Safe
SmartBugs_0x028a0dc391e1003d454f7766183f8ff431919eef.sol,Single File,Safe,Safe,Safe,Safe
SmartBugs_0x03a897c8d7d21688ae0a49ea087836b2667c2cc8.sol,Single File,Safe,Safe,Safe,Safe
SmartBugs_0x0475cad90f0e134969aecd27dfdc8c02b6ec0026.sol,Single File,Safe,Safe,Safe,Safe
SmartBugs_0x047a68fc8aaa9109346c726c696986f4b5792658.sol,Single File,Safe,Safe,Safe,Safe
SmartBugs_0x048fe49be32adfc9ed68c37d32b5ec9df17b3603.sol,Single File,Safe,Safe,Safe,Safe
SmartBugs_0x05133e67d16b6596c3523fb826fc385e7b26c8df.sol,Single File,Safe,Safe,Safe,Safe
SmartBugs_0x05558363697b6604201be04faf30e80b0c9efd23.sol,Single File,Safe,Safe,Safe,Safe
SmartBugs_0x062524205ca7ecf27f4a851edec93c7ad72f427b.sol,Single File,Safe,Safe,Safe,Safe
SmartBugs_0x066e86ed7cf56ee96b7c7d4301bfbb7cbf8515c6.sol,Single File,Safe,Safe,Safe,Safe
SmartBugs_0x06ddef90c123b166769c2b4dfdfdf7854a72b036.sol,Single File,Safe,Safe,Safe,Safe
SmartBugs_0x0730e01be94258aa1b58a27bb4ed6598586b404c.sol,Single File,Safe,Safe,Safe,Safe
SmartBugs_0x0918dfb1da660ff077b27ebe8eb0ff364841a90a.sol,Single File,Safe,Safe,Safe,Safe
SmartBugs_0x098b6f16c0e6fff51b891cb3ef0248fda4c9f53b.sol,Single File,Safe,Safe,Safe,Safe
SmartBugs_0x099a9f22d1bcb5a90e0b8fa0cb0fc47350f113ea.sol,Single File,Safe,Safe,Safe,Safe
SmartBugs_0x0a2d553217e92c6553334723f0669cc3f61fd569.sol,Single File,Safe,Safe,Safe,Safe
SmartBugs_0x0a43edfe106d295e7c1e591a4b04b5598af9474c.sol,Single File,Safe,Safe,Safe,Safe
SmartBugs_0x0b117cd026eec3af86ebeda40b6b25eed1662e60.sol,Single File,Safe,Safe,Safe,Safe
SmartBugs_0x0b98f937f6edd6f66b0f0a210d3dcd8ec1063cb6.sol,Single File,Safe,Safe,Safe,Safe
SmartBugs_0x0c7b8eedd028f3730e7b0f3dc032e916302f09b4.sol,Single File,Safe,Safe,Safe,Safe
SmartBugs_0x0d793f640ad69c3b58c4bfe771415d4881a0490f.sol,Single File,Safe,Safe,Safe,Safe
SmartBugs_0x0df53a6946b21146a817c8c9e4792dc442bbded2.sol,Single File,Safe,Safe,Safe,Safe
SmartBugs_0x0e6664cdb81ddf20d776b3bcb001797cee4030bc.sol,Single File,Safe,Safe,Safe,Safe
SmartBugs_0x0e9a33da82d8016aeb563021abf6bff9078dd313.sol,Single File,Safe,Safe,Safe,Safe
SmartBugs_0x1035fd1e0aea8c63b4a9ac86e55972ae9f875764.sol,Single File,Safe,Safe,Safe,Safe
SmartBugs_0x1130f5f6b66a8ff0acb3807e2a56ce6fc0105644.sol,Single File,Safe,Safe,Safe,Safe
SmartBugs_0x11f3081cd6b2ac5a263e65e206f806bea7fa9c56.sol,Single File,Safe,Safe,Safe,Safe
SmartBugs_0x124d4297e943fd24b72a5737b5e081de0fd1ae9b.sol,Single File,Safe,Safe,Safe,Safe
SmartBugs_0x12826eacf16678a6ab9772fb0751bca32f1f0f53.sol,Single File,Safe,Safe,Safe,Safe
SmartBugs_0x13022ed7c83dc744f77cc9789c0bbd9a7ebfd540.sol,Single File,Safe,Safe,Safe,Safe
SmartBugs_0x1360bc11e4f62fceb8598d760105fe0d85a38aef.sol,Single File,Safe,Safe,Safe,Safe
SmartBugs_0x1455b1cc3050cf6e80f3b7d4b802b72a7ffce198.sol,Single File,Safe,Safe,Safe,Safe
SmartBugs_0x157230b513e823320498e519fb2dc49b000103a5.sol,Single File,Safe,Safe,Safe,Safe
SmartBugs_0x17478cc05e51da20a27bbdf66fbe4a16aae81842.sol,Single File,Safe,Safe,Safe,Safe
SmartBugs_0x17db057ca14007feb8896f6ea878fe38ea339c24.sol,Single File,Safe,Safe,Safe,Safe
SmartBugs_0x17fd7b5c53c8a43d5580feed23594f802da56cec.sol,Single File,Safe,Safe,Safe,Safe
SmartBugs_0x186a33d4dbcd700086a26188dcb74e69be463665.sol,Single File,Safe,Safe,Safe,Safe
SmartBugs_0x189448c9709e766d08ff25278e9f4d2f1b4dbefd.sol,Single File,Safe,Safe,Safe,Safe
SmartBugs_0x1955a08c4f4e3edc8323b60f792ffc47141538a6.sol,Single File,Safe,Safe,Safe,Safe
SmartBugs_0x1a620e4981398066b701dc134cdb5bc9c4b23824.sol,Single File,Safe,Safe,Safe,Safe
SmartBugs_0x1aad546be24ce0a36d0586c0d605296c2751bdf0.sol,Single File,Safe,Safe,Safe,Safe
SmartBugs_0x1b1ee205ee5a269ee34805192763b21ef84aa1b6.sol,Single File,Safe,Safe,Safe,Safe
SmartBugs_0x1d072a8e70732123d337b8da51ac8eb116a6b006.sol,Single File,Safe,Safe,Safe,Safe
SmartBugs_0x1d4530870baa56577f3719803e411c49e7994833.sol,Single File,Safe,Safe,Safe,Safe
SmartBugs_0x1df2111d0d6eff0a35370052797ffc00f0261284.sol,Single File,Safe,Safe,Safe,Safe
SmartBugs_0x1e66008a24a486456a796e0c771fdc0cdf43cad9.sol,Single File,Safe,Safe,Safe,Safe
SmartBugs_0x1e69c3cb4f08aba18bad6da03f5c5441014d4169.sol,Single File,Safe,Safe,Safe,Safe
SmartBugs_0x1e8bcaa2f8da4bb862877fec5dda2632caa3e1ae.sol,Single File,Safe,Safe,Safe,Safe
SmartBugs_0x1ef57424c7f38628a0e25177ff61a671fbe4b405.sol,Single File,Safe,Safe,Safe,Safe
SmartBugs_0x20d4477cb25186cc87e85185cfea792dd28bfca5.sol,Single File,Safe,Safe,Safe,Safe
SmartBugs_0x21718f0ed841f485a3c0afc185898e195e6d1bdf.sol,Single File,Safe,Safe,Safe,Safe
SmartBugs_0x226bb599a12c826476e3a771454697ea52e9e220.sol,Single File,Safe,Safe,Safe,Safe
SmartBugs_0x2375a3ebcc65f4bd7171d39b4e98dc4dd02cba62.sol,Single File,Safe,Safe,Safe,Safe
SmartBugs_0x240bae5a27233fd3ac5440b5a598467725f7d1cd.sol,Single File,Safe,Safe,Safe,Safe
SmartBugs_0x247d900853bd02cd4cea03ee0374c6644171c6d6.sol,Single File,Safe,Safe,Safe,Safe
SmartBugs_0x24b8ce20aeb2e68168e389bdb5f4b26bb77ac018.sol,Single File,Safe,Safe,Safe,Safe
SmartBugs_0x259eb5d9c293733e663a3ce2460060ae28ccf555.sol,Single File,Safe,Safe,Safe,Safe
SmartBugs_0x25bceaf96191d34c6a135a26ae8d7281dacf8ff0.sol,Single File,Safe,Safe,Safe,Safe
SmartBugs_0x26ae986bfab33f4cbadec30ea55b5eed9e883ecf.sol,Single File,Safe,Safe,Safe,Safe
SmartBugs_0x2791528f5617e187a6d73c30034ac211b2f47042.sol,Single File,Safe,Safe,Safe,Safe
SmartBugs_0x288ae33ce0643155262baad9d517b8f669dfe2c9.sol,Single File,Safe,Safe,Safe,Safe
SmartBugs_0x28cf9af3aca6aea0b802df31629ce1b7aa243dc2.sol,Single File,Safe,Safe,Safe,Safe
SmartBugs_0x28ee914b3308c9a138def98d392e017a781c5d52.sol,Single File,Safe,Safe,Safe,Safe
SmartBugs_0x28f60f3985e550f4f886e9ab45cd8412ef3cc845.sol,Single File,Safe,Safe,Safe,Safe
SmartBugs_0x290bdb17bc906d8d2c09f43302f86538bf4bb1a5.sol,Single File,Safe,Safe,Safe,Safe
SmartBugs_0x29e18b82f99f9f485b2f4f0ad13d343e62a1454c.sol,Single File,Safe,Safe,Safe,Safe
SmartBugs_0x2a5eba587ac7c1153c22b5f75874b75233442749.sol,Single File,Safe,Safe,Safe,Safe
SmartBugs_0x2ace8ef549bffa7dc12cd089999a035a5684cf9f.sol,Single File,Safe,Safe,Safe,Safe
SmartBugs_0x2b2167bd09c4c8f853e0c011bcf9a581f8459604.sol,Single File,Safe,Safe,Safe,Safe
SmartBugs_0x2b31d4ed253744bc18a3f88ca7cdd579c47e8564.sol,Single File,Safe,Safe,Safe,Safe
SmartBugs_0x2b4e90e04fbe103739a1d78e85eb994f8a62be67.sol,Single File,Safe,Safe,Safe,Safe
SmartBugs_0x2bd9225f37ca4a322fec3ac6e2f9e761a7d5d367.sol,Single File,Safe,Safe,Safe,Safe
SmartBugs_0x2d07731e878e4c59bda93ea3fe93e34fb0172bd0.sol,Single File,Safe,Safe,Safe,Safe
SmartBugs_0x2d0b9bffe3acb8ff67952392448832334d2c597f.sol,Single File,Safe,Safe,Safe,Safe
SmartBugs_0x2d2789067e458f5299efa2af1beadc065fd31b81.sol,Single File,Safe,Safe,Safe,Safe
SmartBugs_0x2d915c3e78767b123bf56ab2daa49f74bb97904c.sol,Single File,Safe,Safe,Safe,Safe
SmartBugs_0x2e0f9b6e879834e8de4238f6d544212273f85326.sol,Single File,Safe,Safe,Safe,Safe
SmartBugs_0x2fc310068686e78acfd8075aeb515113dc30d676.sol,Single File,Safe,Safe,Safe,Safe
SmartBugs_0x304d865fe3ed75e40dc83eb43c2ae8ff37ae44d5.sol,Single File,Safe,Safe,Safe,Safe
SmartBugs_0x309748032600f3554776697a6a6610f61f568597.sol,Single File,Safe,Safe,Safe,Safe
SmartBugs_0x30993352b0e5a02a5ea2a7711fd7c97a4401d654.sol,Single File,Safe,Safe,Safe,Safe
SmartBugs_0x30e63f9a7bd8188762eec058783860559ed922a3.sol,Single File,Safe,Safe,Safe,Safe
SmartBugs_0x31c807df8eb5c79b4854b0004b09d1469f087770.sol,Single File,Safe,Safe,Safe,Safe
SmartBugs_0x33869238745f82f818af05ac7989cf0fc238abb7.sol,Single File,Safe,Safe,Safe,Safe
SmartBugs_0x351d5ea36941861d0c03fdfb24a8c2cb106e068b.sol,Single File,Safe,Safe,Safe,Safe
SmartBugs_0x3532569dc76148aaa2872437b62951b36deb0b4d.sol,Single File,Safe,Safe,Safe,Safe
SmartBugs_0x3543638ed4a9006e4840b105944271bcea15605d.sol,Single File,Safe,Safe,Safe,Safe
SmartBugs_0x3618516f45cd3c913f81f9987af41077932bc40d.sol,Single File,Safe,Safe,Safe,Safe
SmartBugs_0x364bf7acd034b5e883978a5160381a05f0afc18d.sol,Single File,Safe,Safe,Safe,Safe
SmartBugs_0x3678e0128d64d2fcf56be3f1a90e06492e48c495.sol,Single File,Safe,Safe,Safe,Safe
SmartBugs_0x37db1682fab02023e1f5fe21aa45289ae7fb330c.sol,Single File,Safe,Safe,Safe,Safe
SmartBugs_0x37dd1688af105ccb9a76d3b0c1e2f197da6692ff.sol,Single File,Safe,Safe,Safe,Safe
SmartBugs_0x3803b57c400433d6271c26d74070abfb0fe0620d.sol,Single File,Safe,Safe,Safe,Safe
SmartBugs_0x3a0e9acd953ffc0dd18d63603488846a6b8b2b01.sol,Single File,Safe,Safe,Safe,Safe
SmartBugs_0x3a903a05b98bd41ea7b18b40049223d3c768c527.sol,Single File,Safe,Safe,Safe,Safe
SmartBugs_0x3b1355599a89a554ffa37fa9ed508f208a271aa9.sol,Single File,Safe,Safe,Safe,Safe
SmartBugs_0x3c139c5ef130d4db3793b1ce7017e6b326d66f2b.sol,Single File,Safe,Safe,Safe,Safe
SmartBugs_0x3d79c48414f0f24451cedff9468c8427968a13e5.sol,Single File,Safe,Safe,Safe,Safe
SmartBugs_0x3e419b0401339df3564edfa3686d7f99354f134d.sol,Single File,Safe,Safe,Safe,Safe
SmartBugs_0x3f30b7eedb2bedf4a8600b7ee5bb2b3162ef13d8.sol,Single File,Safe,Safe,Safe,Safe
SmartBugs_0x3f45499fcdfe6cd597145fc5ac855b226d2a8e8e.sol,Single File,Safe,Safe,Safe,Safe
SmartBugs_0x3f60651303846a417362377910a2a8c5caede024.sol,Single File,Safe,Safe,Safe,Safe
SmartBugs_0x3f874330cbd26f5122fa9f63f8d3d44fe5c776de.sol,Single File,Safe,Safe,Safe,Safe
SmartBugs_0x406d29c3a96864e4d159287f9bd582767a90f8d0.sol,Single File,Safe,Safe,Safe,Safe
SmartBugs_0x40e331fbe9b558e5e3428deffcfea80b95b3c6e9.sol,Single File,Safe,Safe,Safe,Safe
SmartBugs_0x40e9a10fecd0350305d5e919e3963248fd6f845d.sol,Single File,Safe,Safe,Safe,Safe
SmartBugs_0x4167d848c1bb1dd307347a24cb009eeba66fa16f.sol,Single File,Safe,Safe,Safe,Safe
SmartBugs_0x417866263b96ea8fb86e1f332018dda49820c85a.sol,Single File,Safe,Safe,Safe,Safe
SmartBugs_0x4253d9142bc0537b46a0d8dc31f014bb1bb3096a.sol,Single File,Safe,Safe,Safe,Safe
SmartBugs_0x42984e64d364f93a5d5dba84257d6368831f1b55.sol,Single File,Safe,Safe,Safe,Safe
SmartBugs_0x4490ed5fbbffa9f7446e9fa8716b12eeab79dc44.sol,Single File,Safe,Safe,Safe,Safe
SmartBugs_0x44aef3101432a64d1aa16388f4b9b352b09f42a9.sol,Single File,Safe,Safe,Safe,Safe
SmartBugs_0x450711d5da9f7cadb0e4d3472be550328b37bdda.sol,Single File,Safe,Safe,Safe,Safe
SmartBugs_0x45a70df7400a898d93dddf0dde589e2cbae96d3d.sol,Single File,Safe,Safe,Safe,Safe
SmartBugs_0x47010bfcdebde5c6f0cb3426cee269a96f7ac6ce.sol,Single File,Safe,Safe,Safe,Safe
SmartBugs_0x47349ebb01fa27bb3ad72995ff7182d949851a93.sol,Single File,Safe,Safe,Safe,Safe
SmartBugs_0x47a169eda4a057569903a882ee15b8c5472a6faa.sol,Single File,Safe,Safe,Safe,Safe
SmartBugs_0x4a99791abba85679c275b3e3a2a3c23ef0598818.sol,Single File,Safe,Safe,Safe,Safe
SmartBugs_0x4bc53ead2ae82e0c723ee8e3d7bacfb1fafea1ce.sol,Single File,Safe,Safe,Safe,Safe
SmartBugs_0x4bffc9b4d4dcf730820a2edcad48ff5d7e0ae807.sol,Single File,Safe,Safe,Safe,Safe
SmartBugs_0x4c2c4511ba8f5b5f356adf7eaebce8dd2ea9a9c6.sol,Single File,Safe,Safe,Safe,Safe
SmartBugs_0x4dc3643dbc642b72c158e7f3d2ff232df61cb6ce.sol,Single File,Safe,Safe,Safe,Safe
SmartBugs_0x4dc924eeb4d87ab938f5a72fc0ef4460f6b35a8a.sol,Single File,Safe,Safe,Safe,Safe
SmartBugs_0x4e73b32ed6c35f570686b89848e5f39f20ecc106.sol,Single File,Safe,Safe,Safe,Safe
SmartBugs_0x4e9d3792ff24babf36b83c0c36113da6714917c6.sol,Single File,Safe,Safe,Safe,Safe
SmartBugs_0x4ef405d78be762c0e5628b1b93ef6c7ead2d9385.sol,Single File,Safe,Safe,Safe,Safe
SmartBugs_0x4f529990b7f3d1fb4152736155e431c96fd86294.sol,Single File,Safe,Safe,Safe,Safe
SmartBugs_0x4fbb0b4cd8f960ac3428194f1c94c805d5b35836.sol,Single File,Safe,Safe,Safe,Safe
SmartBugs_0x4fc550cd2312ed67cb3938378c90c2a76fae0142.sol,Single File,Safe,Safe,Safe,Safe
SmartBugs_0x509ae639ac966172c13a71660db21e43fc706b81.sol,Single File,Safe,Safe,Safe,Safe
SmartBugs_0x50e56c089a6ea8931d841519b6ae7abc5c50bbf6.sol,Single File,Safe,Safe,Safe,Safe
SmartBugs_0x512a4d492669e5f0746609d638796c0ad94276cd.sol,Single File,Safe,Safe,Safe,Safe
SmartBugs_0x51b2a3f1eab23fc5102be4ac5af8da0ab46a90d9.sol,Single File,Safe,Safe,Safe,Safe
SmartBugs_0x51fe1a448f8778b9575647409c75312ae0ff6591.sol,Single File,Safe,Safe,Safe,Safe
SmartBugs_0x52bd9790a59eda6b2a4e52097751cb04ddc0cf06.sol,Single File,Safe,Safe,Safe,Safe
SmartBugs_0x5317f64389e6df0c8cd4395ba61a3554614dbc6c.sol,Single File,Safe,Safe,Safe,Safe
SmartBugs_0x53717dc6a4dc06bc4d7d4b9dc059f0b8e4097d0b.sol,Single File,Safe,Safe,Safe,Safe
SmartBugs_0x53c9c244d02b0cb9c92b08597b9bd26bc99e2ef2.sol,Single File,Safe,Safe,Safe,Safe
SmartBugs_0x55aa079e2fb0c8b68a0a08efbff3f1aa5472f1a2.sol,Single File,Safe,Safe,Safe,Safe
SmartBugs_0x562b1cd868bc33966540f7e0c0cbfd2bf07ef9b8.sol,Single File,Safe,Safe,Safe,Safe
SmartBugs_0x5661c46e366570360064ae1a50a17a7a1a8f3236.sol,Single File,Safe,Safe,Safe,Safe
SmartBugs_0x56ba2109449a8dd1074e97d4033bf3ea5f0e7ae8.sol,Single File,Safe,Safe,Safe,Safe
SmartBugs_0x574c48e350c5f6c7910e6b1a0c99934edfaf4d2e.sol,Single File,Safe,Safe,Safe,Safe
SmartBugs_0x574f84108a98c575794f75483d801d1d5dc861a5.sol,Single File,Safe,Safe,Safe,Safe
SmartBugs_0x5784bcc57a20087b3eee079ae7df4c7f8dc3127e.sol,Single File,Safe,Safe,Safe,Safe
SmartBugs_0x57ad2a680aed1c6b4adf1d4abddeea54a9668ef4.sol,Single File,Safe,Safe,Safe,Safe
SmartBugs_0x58350795644f6a28bf36c54db1b88ee8a723ae84.sol,Single File,Safe,Safe,Safe,Safe
SmartBugs_0x5837b08231b4b7e6909a18ac22454c907c479c07.sol,Single File,Safe,Safe,Safe,Safe
SmartBugs_0x58c9907da4519c91c9ab75af5cacb1772fb67afd.sol,Single File,Safe,Safe,Safe,Safe
SmartBugs_0x590e11907ebf4b217bdf8b0a77d6938849cd94dc.sol,Single File,Safe,Safe,Safe,Safe
SmartBugs_0x59a8b4400ebfd61d42d8aade332076c220f72d42.sol,Single File,Safe,Safe,Safe,Safe
SmartBugs_0x59c6f18c3e96ecd779c7664e24fede0d49731a2b.sol,Single File,Safe,Safe,Safe,Safe
SmartBugs_0x5a374dbb59be837227d11e97625f1d3346775cac.sol,Single File,Safe,Safe,Safe,Safe
SmartBugs_0x5a890d8c8573d623bd72727f2ae8f3caa0d4aed1.sol,Single File,Safe,Safe,Safe,Safe
SmartBugs_0x5a95d990d7c3bd406781c3888c953c13971326ad.sol,Single File,Safe,Safe,Safe,Safe
SmartBugs_0x5ab2d437ec6d8e52b2191efafd985826a73d97de.sol,Single File,Safe,Safe,Safe,Safe
SmartBugs_0x5bd2cecdc30656adc2ce23812dce369ccca3bbbd.sol,Single File,Safe,Safe,Safe,Safe
SmartBugs_0x5bee2e78c76f27b9e2a01ac41e0e35aabe6953cb.sol,Single File,Safe,Safe,Safe,Safe
SmartBugs_0x5ca381bbfb58f0092df149bd3d243b08b9a8386e.sol,Single File,Safe,Safe,Safe,Safe
SmartBugs_0x5d26239257e6433889f00bb46294c552b4d75ec9.sol,Single File,Safe,Safe,Safe,Safe
SmartBugs_0x5d38180fd9b336ac141fa14f8ad41703f0fc6574.sol,Single File,Safe,Safe,Safe,Safe
SmartBugs_0x5e6ffe7b174a50c81ff3f3c54c04fd3c11e20830.sol,Single File,Safe,Safe,Safe,Safe
SmartBugs_0x5eab0ea7ac3cc27f785d8e3faba56b034aa56208.sol,Single File,Safe,Safe,Safe,Safe
SmartBugs_0x5eb5226d2b4b32af62c732982ad681789e083315.sol,Single File,Safe,Safe,Safe,Safe
SmartBugs_0x5fe23e7b075da9a65a0ab6993b1d1e87f4f86648.sol,Single File,Safe,Safe,Safe,Safe
SmartBugs_0x60076a69fc0dd334f0631132d191e2a3a186d65c.sol,Single File,Safe,Safe,Safe,Safe
SmartBugs_0x60b1abd0206f6bc78d2270fdc8d2e2337219eea5.sol,Single File,Safe,Safe,Safe,Safe
SmartBugs_0x61064912b20c0cc0af50384c0f17f148f4857f96.sol,Single File,Safe,Safe,Safe,Safe
SmartBugs_0x61d29c746c239079bc938752fcab7e6dd12d9377.sol,Single File,Safe,Safe,Safe,Safe
SmartBugs_0x623b925b0a57a24ea8de301f2e3e692ce903f0c3.sol,Single File,Safe,Safe,Safe,Safe
SmartBugs_0x624d520bab2e4ad83935fa503fb130614374e850.sol,Single File,Safe,Safe,Safe,Safe
SmartBugs_0x62edb11263cd775d549a9d9e38980014dbbfdedd.sol,Single File,Safe,Safe,Safe,Safe
SmartBugs_0x62fa8e54ebd97b3ca265ef98165e675fac4a5436.sol,Single File,Safe,Safe,Safe,Safe
SmartBugs_0x6395db67e96a72a1bec54e5f9ced60ebf5ce1569.sol,Single File,Safe,Safe,Safe,Safe
SmartBugs_0x63dd89df3d054842125912dac2a3f68f9a467309.sol,Single File,Safe,Safe,Safe,Safe
SmartBugs_0x6418a8b4ff1f0b07f93e9212a106a66bd21499a7.sol,Single File,Safe,Safe,Safe,Safe
SmartBugs_0x647f274b3a7248d6cf51b35f08e7e7fd6edfb271.sol,Single File,Safe,Safe,Safe,Safe
SmartBugs_0x6531f133e6deebe7f2dce5a0441aa7ef330b4e53.sol,Single File,Safe,Safe,Safe,Safe
SmartBugs_0x654dddc32f6734a33b9cea0901c47f9a00336c1e.sol,Single File,Safe,Safe,Safe,Safe
SmartBugs_0x65c0469fa7a3ceb8130598e90f5f76c11b7e51aa.sol,Single File,Safe,Safe,Safe,Safe
SmartBugs_0x6704b673c70de9bf74c8fba4b4bd748f0e2190e1.sol,Single File,Safe,Safe,Safe,Safe
SmartBugs_0x6827a2fac3b4be1ba1f22d5802bb13c1ed7af405.sol,Single File,Safe,Safe,Safe,Safe
SmartBugs_0x6879295c4d5908c4ec6ef9c9230d1eaf08f629c2.sol,Single File,Safe,Safe,Safe,Safe
SmartBugs_0x68c7c5cfe72cbe8245969141e9af484aa876f3d3.sol,Single File,Safe,Safe,Safe,Safe
SmartBugs_0x69437898492fdf72cc70b98183e6bfbad7cd35f9.sol,Single File,Safe,Safe,Safe,Safe
SmartBugs_0x69f15e3ec2bfd994293153823c5932953b7ea30d.sol,Single File,Safe,Safe,Safe,Safe
SmartBugs_0x6a55ee01090e872257cceaf5b7fdcc1ccc7a621f.sol,Single File,Safe,Safe,Safe,Safe
SmartBugs_0x6ad5e4ecc18d36c7315a244ba342ccf3eda19ab7.sol,Single File,Safe,Safe,Safe,Safe
SmartBugs_0x6be66252c14915e2a4f7e9621bc17365c4f35244.sol,Single File,Safe,Safe,Safe,Safe
SmartBugs_0x6bf9dba12596968f6674180bd5926cfd82140390.sol,Single File,Safe,Safe,Safe,Safe
SmartBugs_0x6c2890058246e18e186ae4229f697eedd647f118.sol,Single File,Safe,Safe,Safe,Safe
SmartBugs_0x6cb9c5abf310b42893adff0b1f38322eea109c98.sol,Single File,Safe,Safe,Safe,Safe
SmartBugs_0x6d38f10077e5f772cd04dff2a352b0028d657702.sol,Single File,Safe,Safe,Safe,Safe
SmartBugs_0x6d808d3e9175b316c0ecf2c3a35b55a8ddb10ad1.sol,Single File,Safe,Safe,Safe,Safe
SmartBugs_0x6daa60ed2b441a64d128c9d3b0a168d8245c3d1a.sol,Single File,Safe,Safe,Safe,Safe
SmartBugs_0x6f32a2c734a99dbe556caf95baccae761e678e3e.sol,Single File,Safe,Safe,Safe,Safe
SmartBugs_0x6f55acadbaf84500777b9cf48f2c6ef4eadb9aef.sol,Single File,Safe,Safe,Safe,Safe
SmartBugs_0x6f80d952ee3ccd5eb1630e3a26f74f0e178f7e91.sol,Single File,Safe,Safe,Safe,Safe
SmartBugs_0x70b920cecc28effe8fe451c0beecc12f234bf9d3.sol,Single File,Safe,Safe,Safe,Safe
SmartBugs_0x734a8329c2b99bcb4c32091a4ca7df7126a14d6a.sol,Single File,Safe,Safe,Safe,Safe
SmartBugs_0x740e6b6f0a0165e8bb3d1cdf94862bdffbded22e.sol,Single File,Safe,Safe,Safe,Safe
SmartBugs_0x744e098e9d3fa11d96c2860b49d33f46dd2ae167.sol,Single File,Safe,Safe,Safe,Safe
SmartBugs_0x74e54e80692fd8832731dc1a929be9ec80cfd368.sol,Single File,Safe,Safe,Safe,Safe
SmartBugs_0x7511b6e4aa411dc563e9e29f64f839d1e354d4ba.sol,Single File,Safe,Safe,Safe,Safe
SmartBugs_0x7568b9ece8966ae20e7f5edf90bcd6b77c2a47ca.sol,Single File,Safe,Safe,Safe,Safe
SmartBugs_0x760d1eccaf80580d2e4a1221522be9577a7b9871.sol,Single File,Safe,Safe,Safe,Safe
SmartBugs_0x765b0aaef0ecac2bf23065f559e5ca3b81067993.sol,Single File,Safe,Safe,Safe,Safe
SmartBugs_0x766f28c22028b55b0bc6d7c56ad006a10403847b.sol,Single File,Safe,Safe,Safe,Safe
SmartBugs_0x77b9dd6f9df5b783a05a91f18ad2e9319653f469.sol,Single File,Safe,Safe,Safe,Safe
SmartBugs_0x786b687796611cb718aebe6fc846c84a63c9d516.sol,Single File,Safe,Safe,Safe,Safe
SmartBugs_0x7891841c2c93355a33e14dc8d427273807b5fa73.sol,Single File,Safe,Safe,Safe,Safe
SmartBugs_0x78efe12ee9e61e954879f7a30445bbb72528963b.sol,Single File,Safe,Safe,Safe,Safe
SmartBugs_0x79ee7f81c39cd5aaea3f7e04328032f0674941a2.sol,Single File,Safe,Safe,Safe,Safe
SmartBugs_0x7a11f99e192c1ec5be580522a64165129b548e39.sol,Single File,Safe,Safe,Safe,Safe
SmartBugs_0x7a42f43aa915d825b5d096c84e467baea7d78dde.sol,Single File,Safe,Safe,Safe,Safe
SmartBugs_0x7acbc0b5c51027dc659a19f257bb3e462309b626.sol,Single File,Safe,Safe,Safe,Safe
SmartBugs_0x7b23d5576225af5bbe641020381eb9b3b2a3123f.sol,Single File,Safe,Safe,Safe,Safe
SmartBugs_0x7b2e42fbba091de219b244e049f4593eec2a20f6.sol,Single File,Safe,Safe,Safe,Safe
SmartBugs_0x7b4629c804afe652e84123a31aedb9b52c7aae05.sol,Single File,Safe,Safe,Safe,Safe
SmartBugs_0x7be52836812ef4db7f40dafabcf4efa3a8b15271.sol,Single File,Safe,Safe,Safe,Safe
SmartBugs_0x7ca410df28009db421dbe9a289596f8954d1ee9e.sol,Single File,Safe,Safe,Safe,Safe
SmartBugs_0x7d453b2d4012ba253b0755e41196f01d96fee165.sol,Single File,Safe,Safe,Safe,Safe
SmartBugs_0x7da90089a73edd14c75b0c827cb54f4248d47ecc.sol,Single File,Safe,Safe,Safe,Safe
SmartBugs_0x7e6fdfa3a51a3e05a33894b98832d1b753e7953e.sol,Single File,Safe,Safe,Safe,Safe
SmartBugs_0x7f53080daefbf41e727fdaff1538ef6052ddb994.sol,Single File,Safe,Safe,Safe,Safe
SmartBugs_0x7f774a5c2fcdd539a9bb417724ab7dbf743625ea.sol,Single File,Safe,Safe,Safe,Safe
SmartBugs_0x80199cf8cf5292458e8a6f56499b6de69c240e9d.sol,Single File,Safe,Safe,Safe,Safe
SmartBugs_0x80404d001f4272f71df26262f1f90ba7bb026e5a.sol,Single File,Safe,Safe,Safe,Safe
SmartBugs_0x81ab0b68e071c0fdc4893274c9d9274ac67b3f12.sol,Single File,Safe,Safe,Safe,Safe
SmartBugs_0x82214a01aed08edb889116aed8816fbbe22d505f.sol,Single File,Safe,Safe,Safe,Safe
SmartBugs_0x83c7f15fbf521c79da630a61c6c753adf28a375c.sol,Single File,Safe,Safe,Safe,Safe
SmartBugs_0x84684d48f9983bf959a2b4e88fb9393e90b9166f.sol,Single File,Safe,Safe,Safe,Safe
SmartBugs_0x8475c8d613a5a6a97235881e525a953808ebef6a.sol,Single File,Safe,Safe,Safe,Safe
SmartBugs_0x84c91efa4bfe61907edf6a7fc9e5515e55b1c703.sol,Single File,Safe,Safe,Safe,Safe
SmartBugs_0x84f5fb60fccd73f06867d800445b3fd8b01a2dd4.sol,Single File,Safe,Safe,Safe,Safe
SmartBugs_0x86c2752f8fe2c6679a942c8ee6c785c28f42cd55.sol,Single File,Safe,Safe,Safe,Safe
SmartBugs_0x86ca189a5e189513b52c2018ca9e4918cffeb54b.sol,Single File,Safe,Safe,Safe,Safe
SmartBugs_0x87f6485f0c04895ca1b46fe4d2387e0f8e30e155.sol,Single File,Safe,Safe,Safe,Safe
SmartBugs_0x880407c9cd119bef48b1821cdfc434e3ca3cd588.sol,Single File,Safe,Safe,Safe,Safe
SmartBugs_0x88088019a2a235f9e7495124d0b0e90f41a777b0.sol,Single File,Safe,Safe,Safe,Safe
SmartBugs_0x888666ca69e0f178ded6d75b5726cee99a87d698.sol,Single File,Safe,Safe,Safe,Safe
SmartBugs_0x898cae9474b6ddd35d1c4fe95f33dc269158ff1a.sol,Single File,Safe,Safe,Safe,Safe
SmartBugs_0x89bdc0287159ff53f07463164b27651cd2b80a90.sol,Single File,Safe,Safe,Safe,Safe
SmartBugs_0x8b27ae34541c918b0a670507d4af94b8f95c6095.sol,Single File,Safe,Safe,Safe,Safe
SmartBugs_0x8b98f64c83147e498a0f66dc071348d3daeee051.sol,Single File,Safe,Safe,Safe,Safe
SmartBugs_0x8bef82e549c29affcefdb73214ea436fcb98e9fa.sol,Single File,Safe,Safe,Safe,Safe
SmartBugs_0x8c0a0d815aeb795883c8aa8376cf535c87676230.sol,Single File,Safe,Safe,Safe,Safe
SmartBugs_0x8d921acb3bee58f338bca3ce5bfe547b7e48af7c.sol,Single File,Safe,Safe,Safe,Safe
SmartBugs_0x8ea265bfceec8b9f641b86b2a3cee81cde64d497.sol,Single File,Safe,Safe,Safe,Safe
SmartBugs_0x8fae9696ab70591899ea2b181379b083b7c02032.sol,Single File,Safe,Safe,Safe,Safe
SmartBugs_0x902d03103a59d9e855d2508bc7dc51bbe1fa5053.sol,Single File,Safe,Safe,Safe,Safe
SmartBugs_0x906ccfcf474b20eb638c94da957a1016cc7974d0.sol,Single File,Safe,Safe,Safe,Safe
SmartBugs_0x9189ce85444bca0a2cc5bd8a4e7a07712e8fbfa6.sol,Single File,Safe,Safe,Safe,Safe
SmartBugs_0x91923993c4dc3e089bbb1fc9d4a5a765a479b68f.sol,Single File,Safe,Safe,Safe,Safe
SmartBugs_0x9220d625bd6bea95c865b3c4faf273bfbd6bc48a.sol,Single File,Safe,Safe,Safe,Safe
SmartBugs_0x927c5cee0499fda0669a3d66ad4f4fc53a776863.sol,Single File,Safe,Safe,Safe,Safe
SmartBugs_0x92bcbc2240d581a3fac5911cb4d807e7a79590d8.sol,Single File,Safe,Safe,Safe,Safe
SmartBugs_0x93d83387d17d4d472b2ca0cb741981bcc5df4da8.sol,Single File,Safe,Safe,Safe,Safe
SmartBugs_0x9550050d102ff42a2a683a9fa23b8f3fb2b378c8.sol,Single File,Safe,Safe,Safe,Safe
SmartBugs_0x959009defc9dd73fefb4e2972c737cb003491515.sol,Single File,Safe,Safe,Safe,Safe
SmartBugs_0x96313f2c374f901e3831ea6de67b1165c4f39a54.sol,Single File,Safe,Safe,Safe,Safe
SmartBugs_0x963617e1ad931f48c6efe423b616c0e0e8cb60b0.sol,Single File,Safe,Safe,Safe,Safe
SmartBugs_0x964d326f878d5e56b2753f919f34c0bc4c074e87.sol,Single File,Safe,Safe,Safe,Safe
SmartBugs_0x96a68a724f1472475d0037202a516451052f26dc.sol,Single File,Safe,Safe,Safe,Safe
SmartBugs_0x971f9fdf5b5c94a6617b4fd112149f0918ed565f.sol,Single File,Safe,Safe,Safe,Safe
SmartBugs_0x97a5198b310ba58fe5d96b5f0421a9f1b4e772ca.sol,Single File,Safe,Safe,Safe,Safe
SmartBugs_0x97ded97c7b5e84cb59dfb97be5e83f6c012f75ed.sol,Single File,Safe,Safe,Safe,Safe
SmartBugs_0x985063dc56d133b2d2ad9bada8978d8c5adfc5c4.sol,Single File,Safe,Safe,Safe,Safe
SmartBugs_0x987f0b4407e5558699a9b8fc4dda23ff927689ee.sol,Single File,Safe,Safe,Safe,Safe
SmartBugs_0x990d2fe6b2c7b6c3b9d19a34ac1b3942efe04c70.sol,Single File,Safe,Safe,Safe,Safe
SmartBugs_0x99747bc3ab2b21f86ab9e4482b4c37a89cba7946.sol,Single File,Safe,Safe,Safe,Safe
SmartBugs_0x998da4576ee3ba70369067db62e52ad80dedf84d.sol,Single File,Safe,Safe,Safe,Safe
SmartBugs_0x99a650192e81772657c7dc047d2e18f67c758e94.sol,Single File,Safe,Safe,Safe,Safe
SmartBugs_0x99d7d871077f876fea4109c28ec81d660f485777.sol,Single File,Safe,Safe,Safe,Safe
SmartBugs_0x9b455700c8540d350a58008a8ac650e75649fb6e.sol,Single File,Safe,Safe,Safe,Safe
SmartBugs_0x9beec9834c1bb97597663c6415795bb4621aa8c4.sol,Single File,Safe,Safe,Safe,Safe
SmartBugs_0x9bfa7775e106e9a07cae4f8963e2603d732bface.sol,Single File,Safe,Safe,Safe,Safe
SmartBugs_0x9c06d37cf351617ee38ef52ff1fa26a774feab8d.sol,Single File,Safe,Safe,Safe,Safe
SmartBugs_0x9db12d5a4e5512d357caec1c10cdfcf6ad206573.sol,Single File,Safe,Safe,Safe,Safe
SmartBugs_0x9e75153a78f1f61fe2e87d7ecdf9eb2aab01a3aa.sol,Single File,Safe,Safe,Safe,Safe
SmartBugs_0xa042a3079a45ca1fb586b8307bcab9b8f8a85b27.sol,Single File,Safe,Safe,Safe,Safe
SmartBugs_0xa0562477af9d02c20e9e94280d50022c350ca0a2.sol,Single File,Safe,Safe,Safe,Safe
SmartBugs_0xa13f0743951b4f6e3e3aa039f682e17279f52bc3.sol,Single File,Safe,Safe,Safe,Safe
SmartBugs_0xa154beda4b9170f323479564decd227df4079c42.sol,Single File,Safe,Safe,Safe,Safe
SmartBugs_0xa25b95d508fc319288f16b6b82318d730fda6e2f.sol,Single File,Safe,Safe,Safe,Safe
SmartBugs_0xa2789e4009576779eb267ce416ef9cf5fb18042e.sol,Single File,Safe,Safe,Safe,Safe
SmartBugs_0xa27d89cdb5277878b1138ea034735fd7d9748316.sol,Single File,Safe,Safe,Safe,Safe
SmartBugs_0xa2ab00af6db85de947c1f2130026da8363ed9e3a.sol,Single File,Safe,Safe,Safe,Safe
SmartBugs_0xa400642b78a23b14612dddee83fdc70242c5cd83.sol,Single File,Safe,Safe,Safe,Safe
SmartBugs_0xa46a7ceaff0178cb68479709a39b69f0dc0a00c1.sol,Single File,Safe,Safe,Safe,Safe
SmartBugs_0xa48e591eb51c905fb60767f230d6ba02cb97b241.sol,Single File,Safe,Safe,Safe,Safe
SmartBugs_0xa51df722c982d79ef4120a4618ed25115d2eae7c.sol,Single File,Safe,Safe,Safe,Safe
SmartBugs_0xa60fe9c4fe222f20d66e6cfab2eafaee9fbe16da.sol,Single File,Safe,Safe,Safe,Safe
SmartBugs_0xa61c86eea36c9ebe51b70c4a77ecbce0a6078d02.sol,Single File,Safe,Safe,Safe,Safe
SmartBugs_0xa62952e46b112226ac94e4943eb61f14fb5e62ef.sol,Single File,Safe,Safe,Safe,Safe
SmartBugs_0xa6e1cc1ba7674c05f3e2d190ff5eda0d0472de04.sol,Single File,Safe,Safe,Safe,Safe
SmartBugs_0xa6ffb8c3ea6da2e1c44edf0d27e8323701b400f6.sol,Single File,Safe,Safe,Safe,Safe
SmartBugs_0xa799ab15785e3b707eb4b7af05f7eda291468ce6.sol,Single File,Safe,Safe,Safe,Safe
SmartBugs_0xa7c5c9e2fef1c447e962a9eb3d1fc5012dfaa68e.sol,Single File,Safe,Safe,Safe,Safe
SmartBugs_0xa7e310d88af74c96b5c1bba8d23caae183ee123a.sol,Single File,Safe,Safe,Safe,Safe
SmartBugs_0xa8f876e68c84d783fc28a75b9309eb51872a347c.sol,Single File,Safe,Safe,Safe,Safe
SmartBugs_0xa8f9ba662a4de7290071232ac2439bdeaa1fc5fb.sol,Single File,Safe,Safe,Safe,Safe
SmartBugs_0xa918185d042016e2d87c5cb0c7d216b062f79559.sol,Single File,Safe,Safe,Safe,Safe
SmartBugs_0xa9f0e095f6a9b082b678895cb039e57bdde22145.sol,Single File,Safe,Safe,Safe,Safe
SmartBugs_0xaa0d8d61ad4a598da41b1c9fba3ecaed69023823.sol,Single File,Safe,Safe,Safe,Safe
SmartBugs_0xaa746780d844379ae5ef9f9f7daceb59ba6fde57.sol,Single File,Safe,Safe,Safe,Safe
SmartBugs_0xaa82f3f0ff5026aba2224a95a5f493ac4074bc06.sol,Single File,Safe,Safe,Safe,Safe
SmartBugs_0xaa96eb375e3b87b01a82bb26e0c7faeab444966d.sol,Single File,Safe,Safe,Safe,Safe
SmartBugs_0xaad54c9f27b876d2538455dda69207279ff673a5.sol,Single File,Safe,Safe,Safe,Safe
SmartBugs_0xabfe059e98b75b9293b341d461dad649fef25cf9.sol,Single File,Safe,Safe,Safe,Safe
SmartBugs_0xac851fd3c969f24acb688abba158703279fe6856.sol,Single File,Safe,Safe,Safe,Safe
SmartBugs_0xacc4f39866cf8e9fd5f011378f64e566d7933522.sol,Single File,Safe,Safe,Safe,Safe
SmartBugs_0xad45f9a27a1f9fb19bfa6d2c877c4133fe95ee0f.sol,Single File,Safe,Safe,Safe,Safe
SmartBugs_0xae08937ca38979d6c2fbac7bf7b8af8176ab9065.sol,Single File,Safe,Safe,Safe,Safe
SmartBugs_0xae45fd94bc857d2b9db8078c539e49c5d0e360f5.sol,Single File,Safe,Safe,Safe,Safe
SmartBugs_0xae66d00496aaa25418f829140bb259163c06986e.sol,Single File,Safe,Safe,Safe,Safe
SmartBugs_0xca486a65e482a00c0c4f16a53f9a8c0de6129343.sol,Single File,Safe,Safe,Safe,Safe
SmartBugs_0xcaa6cc25bbfd43e7a0466c1fb6ff3f8866a059ea.sol,Single File,Safe,Safe,Safe,Safe
SmartBugs_0xcb07e517e3a113d5c724ad042ce6ad1d2a0a530f.sol,Single File,Safe,Safe,Safe,Safe
SmartBugs_0xcbdfad49dad16a992978f2767506a0f3f11ae9c7.sol,Single File,Safe,Safe,Safe,Safe
SmartBugs_0xcc7354764426615d8f4d3567167273f0648144d9.sol,Single File,Safe,Safe,Safe,Safe
SmartBugs_0xccaf7b08a3af4a5ccb7226c7bcdde917764e2d13.sol,Single File,Safe,Safe,Safe,Safe
SmartBugs_0xccb8bb39162208264d3413ffcc89495a3c090c39.sol,Single File,Safe,Safe,Safe,Safe
SmartBugs_0xcd09c3dd11c8bb826432f14db7cd7618abc686b4.sol,Single File,Safe,Safe,Safe,Safe
SmartBugs_0xcd6c085dfcf28fe5873f35681e41d92402e08694.sol,Single File,Safe,Safe,Safe,Safe
SmartBugs_0xce05254ae8a1195afa33140f02d63f9fa0c2462c.sol,Single File,Safe,Safe,Safe,Safe
SmartBugs_0xcf0d50037931cf1b2a31c6933b1559f0fba66281.sol,Single File,Safe,Safe,Safe,Safe
SmartBugs_0xd0c3135cff83aa5a5824ed5ffbc1ae35f5d424e5.sol,Single File,Safe,Safe,Safe,Safe
SmartBugs_0xd10399746b72a23662f8ba010f951b002dc45cfe.sol,Single File,Safe,Safe,Safe,Safe
SmartBugs_0xd182de27e34404916f9670d8fa05c0c0b5bce497.sol,Single File,Safe,Safe,Safe,Safe
SmartBugs_0xd1e1492601eebd6ebc34ea9a19bae7e5fc79f593.sol,Single File,Safe,Safe,Safe,Safe
SmartBugs_0xd1fd1fe54ceeca913c88d661b46fe9beb083ea0f.sol,Single File,Safe,Safe,Safe,Safe
SmartBugs_0xd2adaf0260581824b2b93f6a51862e33852f1d31.sol,Single File,Safe,Safe,Safe,Safe
SmartBugs_0xd2bbc9ee3ab15bfe523e1f2a31f2767a40413d2d.sol,Single File,Safe,Safe,Safe,Safe
SmartBugs_0xd2d6afd9fc09838b46048e531360313469e37468.sol,Single File,Safe,Safe,Safe,Safe
SmartBugs_0xd35833f9255fb28cc6b91acb8a66ba6429d6ef5a.sol,Single File,Safe,Safe,Safe,Safe
SmartBugs_0xd389c08bb987dd7daeb31f51fce1b5b73710b38e.sol,Single File,Safe,Safe,Safe,Safe
SmartBugs_0xd3cf3b612bd696ce7204118efe88560295fd6797.sol,Single File,Safe,Safe,Safe,Safe
SmartBugs_0xd4220a1edbafffec715505975d55d6599d1c244c.sol,Single File,Safe,Safe,Safe,Safe
SmartBugs_0xd4236a5b05aafadb21a3e657f6818ad9f20699ae.sol,Single File,Safe,Safe,Safe,Safe
SmartBugs_0xd4270e7271560265fe7dfc5d192c5513fc0bf7a3.sol,Single File,Safe,Safe,Safe,Safe
SmartBugs_0xd4737858dd8eb9842cd0696171b781525b56086f.sol,Single File,Safe,Safe,Safe,Safe
SmartBugs_0xd5bae616505430595ee28b9e0e092dc298ab1b19.sol,Single File,Safe,Safe,Safe,Safe
SmartBugs_0xd64794250393f825e57e0ffccd3c75cad4564be3.sol,Single File,Safe,Safe,Safe,Safe
SmartBugs_0xd6cd31f283d24cfb442cba1bcf42290c07c15792.sol,Single File,Safe,Safe,Safe,Safe
SmartBugs_0xd7bef22678fb7fc7a80c20c112cd08ff9469ddfa.sol,Single File,Safe,Safe,Safe,Safe
SmartBugs_0xd7dbe6f13b002ebed312f7ffb6164475426bdd96.sol,Single File,Safe,Safe,Safe,Safe
SmartBugs_0xd803d7597bd638998be368af196dc2c53caf5b63.sol,Single File,Safe,Safe,Safe,Safe
SmartBugs_0xd81618af297e56de2589b5fa9d0714423ea775ee.sol,Single File,Safe,Safe,Safe,Safe
SmartBugs_0xd8ef149b4e1e8f050d52925f9c68d3a296e77227.sol,Single File,Safe,Safe,Safe,Safe
SmartBugs_0xd938959d215d84b668d39848785d76d298466f19.sol,Single File,Safe,Safe,Safe,Safe
SmartBugs_0xdb2b3db44820526e7472dea06506b2e40506b3b9.sol,Single File,Safe,Safe,Safe,Safe
SmartBugs_0xdb7697552858fd9eb8d522235a3f5e987a431d1d.sol,Single File,Safe,Safe,Safe,Safe
SmartBugs_0xdbb087d9d1d9b6744c8aedd6b134bbb6726e816b.sol,Single File,Safe,Safe,Safe,Safe
SmartBugs_0xdbf2da30cdb8b03d46752d320ed1415a56b83abb.sol,Single File,Safe,Safe,Safe,Safe
SmartBugs_0xdc12a8e62a778d0732e3f4b522a733504ee2d369.sol,Single File,Safe,Safe,Safe,Safe
SmartBugs_0xdcfe093673d7c057efaa31f0eaa9db525c8d077e.sol,Single File,Safe,Safe,Safe,Safe
SmartBugs_0xdd19e9e939df9dad7bc96c6dd39380060295ab05.sol,Single File,Safe,Safe,Safe,Safe
SmartBugs_0xdd6dea8ad5f81fd08ee7dec4287038c991475aaf.sol,Single File,Safe,Safe,Safe,Safe
SmartBugs_0xde6865070641f09e933ce498ed29a80524710db4.sol,Single File,Safe,Safe,Safe,Safe
SmartBugs_0xde90cd8df39688d32c9a423578a4fb9f3e83b05c.sol,Single File,Safe,Safe,Safe,Safe
SmartBugs_0xdf1f581d348aa8caeebdb5f3c7235b4ad9ab648f.sol,Single File,Safe,Safe,Safe,Safe
SmartBugs_0xdfbd6a960a55bcfcf59d5925351e05a51498bcef.sol,Single File,Safe,Safe,Safe,Safe
SmartBugs_0xe1daa0f4aff7ecc1af0917a882a537a8db31c74d.sol,Single File,Safe,Safe,Safe,Safe
SmartBugs_0xe1e91a68dc8f0b888c462cc3f055e4d4f582552f.sol,Single File,Safe,Safe,Safe,Safe
SmartBugs_0xe2c43d2c6d6875c8f24855054d77b5664c7e810f.sol,Single File,Safe,Safe,Safe,Safe
SmartBugs_0xe2f3486ec3f0148b50be64c4b649175e561813b4.sol,Single File,Safe,Safe,Safe,Safe
SmartBugs_0xe30a76ec9168639f09061e602924ae601d341066.sol,Single File,Safe,Safe,Safe,Safe
SmartBugs_0xe4928e226d30728c42c93d6ea37872326cc32f04.sol,Single File,Safe,Safe,Safe,Safe
SmartBugs_0xe59d57b3dbbaf62870374ad0053719b361a2cd49.sol,Single File,Safe,Safe,Safe,Safe
SmartBugs_0xe5c77304ac2d7fb6bb3ee5ae15133446197e68c8.sol,Single File,Safe,Safe,Safe,Safe
SmartBugs_0xe61efc18cfe43481ac53ca298abbc15acc4608f6.sol,Single File,Safe,Safe,Safe,Safe
SmartBugs_0xe6267a9c0a227d21c95b782b1bd32bb41fc3b43b.sol,Single File,Safe,Safe,Safe,Safe
SmartBugs_0xe6ff2834b6cf56dc23282a5444b297faccca1b28.sol,Single File,Safe,Safe,Safe,Safe
SmartBugs_0xe716209f5d62efa8ca4cacdda1284bfff8df9e42.sol,Single File,Safe,Safe,Safe,Safe
SmartBugs_0xe7575fa30bded72ffbf7c5cce3972d1a3817bd66.sol,Single File,Safe,Safe,Safe,Safe
SmartBugs_0xe789597c63214db414f1fcdee02630237b711aab.sol,Single File,Safe,Safe,Safe,Safe
SmartBugs_0xe7e851ac612a91667ec4bcf7f90521d48a6a5db5.sol,Single File,Safe,Safe,Safe,Safe
SmartBugs_0xe94af4c7a2ea529790b84fd4168745aa1336e30b.sol,Single File,Safe,Safe,Safe,Safe
SmartBugs_0xea4931bfcf3260da6dbf0550e27f5c214e3c268b.sol,Single File,Safe,Safe,Safe,Safe
SmartBugs_0xea8c9db193996bbc3f6a9afbdbea2b3b62c11253.sol,Single File,Safe,Safe,Safe,Safe
SmartBugs_0xeab986049bb33743d23dac2adeb525c6cb98a176.sol,Single File,Safe,Safe,Safe,Safe
SmartBugs_0xeb37bacff453649457d8f22c44e98a020bb5406e.sol,Single File,Safe,Safe,Safe,Safe
SmartBugs_0xeb96f4caaea05e69f41c25ae42b58ffff7df628d.sol,Single File,Safe,Safe,Safe,Safe
SmartBugs_0xebe7d83b89670baa27e343c1f40b7bfcdfe28966.sol,Single File,Safe,Safe,Safe,Safe
SmartBugs_0xec9405f15cb1239a751148f7e5ab2895df15ccc5.sol,Single File,Safe,Safe,Safe,Safe
SmartBugs_0xed00a2cba066714999ec703350e0a5b6b7ab66cb.sol,Single File,Safe,Safe,Safe,Safe
SmartBugs_0xed3e73c01028eab954784aa5aedc97cbe2807dbb.sol,Single File,Safe,Safe,Safe,Safe
SmartBugs_0xed74fe86406331d2fab6925be7d417c508c51322.sol,Single File,Safe,Safe,Safe,Safe
SmartBugs_0xf01f9599c651d3eb3da0d5440358033a274a06f2.sol,Single File,Safe,Safe,Safe,Safe
SmartBugs_0xf03045a4c8077e38f3b8e2ed33b8aee69edf869f.sol,Single File,Safe,Safe,Safe,Safe
SmartBugs_0xf037c7d756ec6e318d814c9ca484c71f9a3674ea.sol,Single File,Safe,Safe,Safe,Safe
SmartBugs_0xf04605be6f8cbf23d66533da283c816534686f80.sol,Single File,Safe,Safe,Safe,Safe
SmartBugs_0xf0cfb6e33af9a0bbf70b37662c0f5b3c7483b16d.sol,Single File,Safe,Safe,Safe,Safe
SmartBugs_0xf2956001f8cf0ff7ec7742a32f2040c81c65d4f2.sol,Single File,Safe,Safe,Safe,Safe
SmartBugs_0xf2a95300326adf582a43b63218742e4528f82b01.sol,Single File,Safe,Safe,Safe,Safe
SmartBugs_0xf34d3d8a0862ddf72a3faabba2eee95b538b54e4.sol,Single File,Safe,Safe,Safe,Safe
SmartBugs_0xf3a88200de35c6f935562e66844707999b77dd38.sol,Single File,Safe,Safe,Safe,Safe
SmartBugs_0xf4555ccf9f069366b0a9b847e4f23f978cfe74c0.sol,Single File,Safe,Safe,Safe,Safe
SmartBugs_0xf45e96d47a4df13c7dfa154607f24943e6ffd3bf.sol,Single File,Safe,Safe,Safe,Safe
SmartBugs_0xf48ffa222a33e7c6bed217acd27a68d3509b7e9d.sol,Single File,Safe,Safe,Safe,Safe
SmartBugs_0xf4bcd34d969d11d9a421939ae84c86176f7f6995.sol,Single File,Safe,Safe,Safe,Safe
SmartBugs_0xf4be3da9df0c12e69115bb5614334786fbaf5ace.sol,Single File,Safe,Safe,Safe,Safe
SmartBugs_0xf518348e86027bd203b56fb913d6bb1502533f05.sol,Single File,Safe,Safe,Safe,Safe
SmartBugs_0xf51e826a2deb6e32bda3127a4d83d2ec2e5cf67a.sol,Single File,Safe,Safe,Safe,Safe
SmartBugs_0xf6e45ca963656338bb8260a8bfa55d1bca37d26c.sol,Single File,Safe,Safe,Safe,Safe
SmartBugs_0xf6f6afe1907ffe9467b04947c7e3af9ad14e2333.sol,Single File,Safe,Safe,Safe,Safe
SmartBugs_0xf7bb0e7ee82caa529bfe6bcc356268c92c264596.sol,Single File,Safe,Safe,Safe,Safe
SmartBugs_0xf82eb93feaa4deaa72c561fb67d845d81b7eaeb7.sol,Single File,Safe,Safe,Safe,Safe
SmartBugs_0xf8670a791e547184ac9833799bb4de9de8670d84.sol,Single File,Safe,Safe,Safe,Safe
SmartBugs_0xf8d4ea0b15f8118a8a33d4404988c330e9db39fd.sol,Single File,Safe,Safe,Safe,Safe
SmartBugs_0xf8dfac6cae56736fd2a05e45108490c6cb40147d.sol,Single File,Safe,Safe,Safe,Safe
SmartBugs_0xf8eb1928b7b247e5ab607785afe869d7daf78a6f.sol,Single File,Safe,Safe,Safe,Safe
SmartBugs_0xfa1a856cfa3409cfa145fa4e20eb270df3eb21ab.sol,Single File,Safe,Safe,Safe,Safe
SmartBugs_0xfa5847908fa0e1a9b88f5f267783f8b31cfdec7b.sol,Single File,Safe,Safe,Safe,Safe
SmartBugs_0xfa79d79f9f427d4ea2df5b418c7e12f3d713c131.sol,Single File,Safe,Safe,Safe,Safe
SmartBugs_0xfaaad14ff8d00e28959094dd8cf90b6dcd7f5a3e.sol,Single File,Safe,Safe,Safe,Safe
SmartBugs_0xfbdb4f34608da96196a0eaebb72e7c13dc2c8058.sol,Single File,Safe,Safe,Safe,Safe
SmartBugs_0xfc0da7b2db63e819552f43abf3835f41df49d3f2.sol,Single File,Safe,Safe,Safe,Safe
SmartBugs_0xfd1f40e0af44f8dbf1f07c12164dbace0b0f32d4.sol,Single File,Safe,Safe,Safe,Safe
SmartBugs_0xfe55d20bc9abd995ce965b1d082d10f6f1f057eb.sol,Single File,Safe,Safe,Safe,Safe
SmartBugs_0xfefe4f85b56d7ec3d731896b1589b0881ac07e0b.sol,Single File,Safe,Safe,Safe,Safe
SmartBugs_0xff5c25d2f40b47c4a37f989de933e26562ef0ac0.sol,Single File,Safe,Safe,Safe,Safe
SolidiFI_Overflow-Underflow,Folder,Safe,Safe,Safe,Safe
SolidiFI_Re-entrancy,Folder,Safe,Safe,Safe,Safe
SolidiFI_TOD,Folder,Safe,Safe,Safe,Safe
SolidiFI_Timestamp-Dependency,Folder,Safe,Safe,Safe,Safe
SolidiFI_Unchecked-Send,Folder,Safe,Safe,Safe,Safe
SolidiFI_Unhandled-Exceptions,Folder,Safe,Safe,Safe,Safe
SolidiFI_tx.origin,Folder,Safe,Safe,Safe,Safe
